file,block_class,distance_m,distance_eff_m,edge_px_drawn,x_m,y_m,real_edge_m,edge_px,u_px,v_px,light,noise_sigma,jpeg_quality,flip_layers
synth_red_d0300mm_xp0000_yp0000_L100.png,red,0.3,0.3,100,0.0,0.0,0.05,100.0,320.0,240.0,1.0,4.0,92,0
synth_red_d0300mm_xp0000_yp0000_L070.png,red,0.3,0.3,100,0.0,0.0,0.05,100.0,320.0,240.0,0.7,4.0,92,0
synth_red_d0300mm_xp0000_yp0000_L130.png,red,0.3,0.3,100,0.0,0.0,0.05,100.0,320.0,240.0,1.3,4.0,92,0
synth_red_d0300mm_xp0000_yp0040_L100.png,red,0.3,0.3,100,0.0,0.04,0.05,100.0,320.0,320.0,1.0,4.0,92,0
synth_red_d0300mm_xp0000_yp0040_L070.png,red,0.3,0.3,100,0.0,0.04,0.05,100.0,320.0,320.0,0.7,4.0,92,0
synth_red_d0300mm_xp0000_yp0040_L130.png,red,0.3,0.3,100,0.0,0.04,0.05,100.0,320.0,320.0,1.3,4.0,92,0
synth_red_d0300mm_xp0000_ym0040_L100.png,red,0.3,0.3,100,0.0,-0.04,0.05,100.0,320.0,160.0,1.0,4.0,92,0
synth_red_d0300mm_xp0000_ym0040_L070.png,red,0.3,0.3,100,0.0,-0.04,0.05,100.0,320.0,160.0,0.7,4.0,92,0
synth_red_d0300mm_xp0000_ym0040_L130.png,red,0.3,0.3,100,0.0,-0.04,0.05,100.0,320.0,160.0,1.3,4.0,92,0
synth_red_d0300mm_xp0040_yp0000_L100.png,red,0.3,0.3,100,0.04,0.0,0.05,100.0,400.0,240.0,1.0,4.0,92,0
synth_red_d0300mm_xp0040_yp0000_L070.png,red,0.3,0.3,100,0.04,0.0,0.05,100.0,400.0,240.0,0.7,4.0,92,0
synth_red_d0300mm_xp0040_yp0000_L130.png,red,0.3,0.3,100,0.04,0.0,0.05,100.0,400.0,240.0,1.3,4.0,92,0
synth_red_d0300mm_xp0040_yp0040_L100.png,red,0.3,0.3,100,0.04,0.04,0.05,100.0,400.0,320.0,1.0,4.0,92,0
synth_red_d0300mm_xp0040_yp0040_L070.png,red,0.3,0.3,100,0.04,0.04,0.05,100.0,400.0,320.0,0.7,4.0,92,0
synth_red_d0300mm_xp0040_yp0040_L130.png,red,0.3,0.3,100,0.04,0.04,0.05,100.0,400.0,320.0,1.3,4.0,92,0
synth_red_d0300mm_xp0040_ym0040_L100.png,red,0.3,0.3,100,0.04,-0.04,0.05,100.0,400.0,160.0,1.0,4.0,92,0
synth_red_d0300mm_xp0040_ym0040_L070.png,red,0.3,0.3,100,0.04,-0.04,0.05,100.0,400.0,160.0,0.7,4.0,92,0
synth_red_d0300mm_xp0040_ym0040_L130.png,red,0.3,0.3,100,0.04,-0.04,0.05,100.0,400.0,160.0,1.3,4.0,92,0
synth_red_d0300mm_xm0040_yp0000_L100.png,red,0.3,0.3,100,-0.04,0.0,0.05,100.0,240.0,240.0,1.0,4.0,92,0
synth_red_d0300mm_xm0040_yp0000_L070.png,red,0.3,0.3,100,-0.04,0.0,0.05,100.0,240.0,240.0,0.7,4.0,92,0
synth_red_d0300mm_xm0040_yp0000_L130.png,red,0.3,0.3,100,-0.04,0.0,0.05,100.0,240.0,240.0,1.3,4.0,92,0
synth_red_d0300mm_xm0040_yp0040_L100.png,red,0.3,0.3,100,-0.04,0.04,0.05,100.0,240.0,320.0,1.0,4.0,92,0
synth_red_d0300mm_xm0040_yp0040_L070.png,red,0.3,0.3,100,-0.04,0.04,0.05,100.0,240.0,320.0,0.7,4.0,92,0
synth_red_d0300mm_xm0040_yp0040_L130.png,red,0.3,0.3,100,-0.04,0.04,0.05,100.0,240.0,320.0,1.3,4.0,92,0
synth_red_d0300mm_xm0040_ym0040_L100.png,red,0.3,0.3,100,-0.04,-0.04,0.05,100.0,240.0,160.0,1.0,4.0,92,0
synth_red_d0300mm_xm0040_ym0040_L070.png,red,0.3,0.3,100,-0.04,-0.04,0.05,100.0,240.0,160.0,0.7,4.0,92,0
synth_red_d0300mm_xm0040_ym0040_L130.png,red,0.3,0.3,100,-0.04,-0.04,0.05,100.0,240.0,160.0,1.3,4.0,92,0
synth_red_d0500mm_xp0000_yp0000_L100.png,red,0.5,0.5,60,0.0,0.0,0.05,60.0,320.0,240.0,1.0,4.0,92,0
synth_red_d0500mm_xp0000_yp0000_L070.png,red,0.5,0.5,60,0.0,0.0,0.05,60.0,320.0,240.0,0.7,4.0,92,0
synth_red_d0500mm_xp0000_yp0000_L130.png,red,0.5,0.5,60,0.0,0.0,0.05,60.0,320.0,240.0,1.3,4.0,92,0
synth_red_d0500mm_xp0000_yp0040_L100.png,red,0.5,0.5,60,0.0,0.04,0.05,60.0,320.0,288.0,1.0,4.0,92,0
synth_red_d0500mm_xp0000_yp0040_L070.png,red,0.5,0.5,60,0.0,0.04,0.05,60.0,320.0,288.0,0.7,4.0,92,0
synth_red_d0500mm_xp0000_yp0040_L130.png,red,0.5,0.5,60,0.0,0.04,0.05,60.0,320.0,288.0,1.3,4.0,92,0
synth_red_d0500mm_xp0000_ym0040_L100.png,red,0.5,0.5,60,0.0,-0.04,0.05,60.0,320.0,192.0,1.0,4.0,92,0
synth_red_d0500mm_xp0000_ym0040_L070.png,red,0.5,0.5,60,0.0,-0.04,0.05,60.0,320.0,192.0,0.7,4.0,92,0
synth_red_d0500mm_xp0000_ym0040_L130.png,red,0.5,0.5,60,0.0,-0.04,0.05,60.0,320.0,192.0,1.3,4.0,92,0
synth_red_d0500mm_xp0040_yp0000_L100.png,red,0.5,0.5,60,0.04,0.0,0.05,60.0,368.0,240.0,1.0,4.0,92,0
synth_red_d0500mm_xp0040_yp0000_L070.png,red,0.5,0.5,60,0.04,0.0,0.05,60.0,368.0,240.0,0.7,4.0,92,0
synth_red_d0500mm_xp0040_yp0000_L130.png,red,0.5,0.5,60,0.04,0.0,0.05,60.0,368.0,240.0,1.3,4.0,92,0
synth_red_d0500mm_xp0040_yp0040_L100.png,red,0.5,0.5,60,0.04,0.04,0.05,60.0,368.0,288.0,1.0,4.0,92,0
synth_red_d0500mm_xp0040_yp0040_L070.png,red,0.5,0.5,60,0.04,0.04,0.05,60.0,368.0,288.0,0.7,4.0,92,0
synth_red_d0500mm_xp0040_yp0040_L130.png,red,0.5,0.5,60,0.04,0.04,0.05,60.0,368.0,288.0,1.3,4.0,92,0
synth_red_d0500mm_xp0040_ym0040_L100.png,red,0.5,0.5,60,0.04,-0.04,0.05,60.0,368.0,192.0,1.0,4.0,92,0
synth_red_d0500mm_xp0040_ym0040_L070.png,red,0.5,0.5,60,0.04,-0.04,0.05,60.0,368.0,192.0,0.7,4.0,92,0
synth_red_d0500mm_xp0040_ym0040_L130.png,red,0.5,0.5,60,0.04,-0.04,0.05,60.0,368.0,192.0,1.3,4.0,92,0
synth_red_d0500mm_xm0040_yp0000_L100.png,red,0.5,0.5,60,-0.04,0.0,0.05,60.0,272.0,240.0,1.0,4.0,92,0
synth_red_d0500mm_xm0040_yp0000_L070.png,red,0.5,0.5,60,-0.04,0.0,0.05,60.0,272.0,240.0,0.7,4.0,92,0
synth_red_d0500mm_xm0040_yp0000_L130.png,red,0.5,0.5,60,-0.04,0.0,0.05,60.0,272.0,240.0,1.3,4.0,92,0
synth_red_d0500mm_xm0040_yp0040_L100.png,red,0.5,0.5,60,-0.04,0.04,0.05,60.0,272.0,288.0,1.0,4.0,92,0
synth_red_d0500mm_xm0040_yp0040_L070.png,red,0.5,0.5,60,-0.04,0.04,0.05,60.0,272.0,288.0,0.7,4.0,92,0
synth_red_d0500mm_xm0040_yp0040_L130.png,red,0.5,0.5,60,-0.04,0.04,0.05,60.0,272.0,288.0,1.3,4.0,92,0
synth_red_d0500mm_xm0040_ym0040_L100.png,red,0.5,0.5,60,-0.04,-0.04,0.05,60.0,272.0,192.0,1.0,4.0,92,0
synth_red_d0500mm_xm0040_ym0040_L070.png,red,0.5,0.5,60,-0.04,-0.04,0.05,60.0,272.0,192.0,0.7,4.0,92,0
synth_red_d0500mm_xm0040_ym0040_L130.png,red,0.5,0.5,60,-0.04,-0.04,0.05,60.0,272.0,192.0,1.3,4.0,92,0
synth_red_d0800mm_xp0000_yp0000_L100.png,red,0.8,0.789474,38,0.0,0.0,0.05,37.5,320.0,240.0,1.0,4.0,92,0
synth_red_d0800mm_xp0000_yp0000_L070.png,red,0.8,0.789474,38,0.0,0.0,0.05,37.5,320.0,240.0,0.7,4.0,92,0
synth_red_d0800mm_xp0000_yp0000_L130.png,red,0.8,0.789474,38,0.0,0.0,0.05,37.5,320.0,240.0,1.3,4.0,92,0
synth_red_d0800mm_xp0000_yp0040_L100.png,red,0.8,0.789474,38,0.0,0.04,0.05,37.5,320.0,270.0,1.0,4.0,92,0
synth_red_d0800mm_xp0000_yp0040_L070.png,red,0.8,0.789474,38,0.0,0.04,0.05,37.5,320.0,270.0,0.7,4.0,92,0
synth_red_d0800mm_xp0000_yp0040_L130.png,red,0.8,0.789474,38,0.0,0.04,0.05,37.5,320.0,270.0,1.3,4.0,92,0
synth_red_d0800mm_xp0000_ym0040_L100.png,red,0.8,0.789474,38,0.0,-0.04,0.05,37.5,320.0,210.0,1.0,4.0,92,0
synth_red_d0800mm_xp0000_ym0040_L070.png,red,0.8,0.789474,38,0.0,-0.04,0.05,37.5,320.0,210.0,0.7,4.0,92,0
synth_red_d0800mm_xp0000_ym0040_L130.png,red,0.8,0.789474,38,0.0,-0.04,0.05,37.5,320.0,210.0,1.3,4.0,92,0
synth_red_d0800mm_xp0040_yp0000_L100.png,red,0.8,0.789474,38,0.04,0.0,0.05,37.5,350.0,240.0,1.0,4.0,92,0
synth_red_d0800mm_xp0040_yp0000_L070.png,red,0.8,0.789474,38,0.04,0.0,0.05,37.5,350.0,240.0,0.7,4.0,92,0
synth_red_d0800mm_xp0040_yp0000_L130.png,red,0.8,0.789474,38,0.04,0.0,0.05,37.5,350.0,240.0,1.3,4.0,92,0
synth_red_d0800mm_xp0040_yp0040_L100.png,red,0.8,0.789474,38,0.04,0.04,0.05,37.5,350.0,270.0,1.0,4.0,92,0
synth_red_d0800mm_xp0040_yp0040_L070.png,red,0.8,0.789474,38,0.04,0.04,0.05,37.5,350.0,270.0,0.7,4.0,92,0
synth_red_d0800mm_xp0040_yp0040_L130.png,red,0.8,0.789474,38,0.04,0.04,0.05,37.5,350.0,270.0,1.3,4.0,92,0
synth_red_d0800mm_xp0040_ym0040_L100.png,red,0.8,0.789474,38,0.04,-0.04,0.05,37.5,350.0,210.0,1.0,4.0,92,0
synth_red_d0800mm_xp0040_ym0040_L070.png,red,0.8,0.789474,38,0.04,-0.04,0.05,37.5,350.0,210.0,0.7,4.0,92,0
synth_red_d0800mm_xp0040_ym0040_L130.png,red,0.8,0.789474,38,0.04,-0.04,0.05,37.5,350.0,210.0,1.3,4.0,92,0
synth_red_d0800mm_xm0040_yp0000_L100.png,red,0.8,0.789474,38,-0.04,0.0,0.05,37.5,290.0,240.0,1.0,4.0,92,0
synth_red_d0800mm_xm0040_yp0000_L070.png,red,0.8,0.789474,38,-0.04,0.0,0.05,37.5,290.0,240.0,0.7,4.0,92,0
synth_red_d0800mm_xm0040_yp0000_L130.png,red,0.8,0.789474,38,-0.04,0.0,0.05,37.5,290.0,240.0,1.3,4.0,92,0
synth_red_d0800mm_xm0040_yp0040_L100.png,red,0.8,0.789474,38,-0.04,0.04,0.05,37.5,290.0,270.0,1.0,4.0,92,0
synth_red_d0800mm_xm0040_yp0040_L070.png,red,0.8,0.789474,38,-0.04,0.04,0.05,37.5,290.0,270.0,0.7,4.0,92,0
synth_red_d0800mm_xm0040_yp0040_L130.png,red,0.8,0.789474,38,-0.04,0.04,0.05,37.5,290.0,270.0,1.3,4.0,92,0
synth_red_d0800mm_xm0040_ym0040_L100.png,red,0.8,0.789474,38,-0.04,-0.04,0.05,37.5,290.0,210.0,1.0,4.0,92,0
synth_red_d0800mm_xm0040_ym0040_L070.png,red,0.8,0.789474,38,-0.04,-0.04,0.05,37.5,290.0,210.0,0.7,4.0,92,0
synth_red_d0800mm_xm0040_ym0040_L130.png,red,0.8,0.789474,38,-0.04,-0.04,0.05,37.5,290.0,210.0,1.3,4.0,92,0
synth_red_d1200mm_xp0000_yp0000_L100.png,red,1.2,1.2,25,0.0,0.0,0.05,25.0,320.0,240.0,1.0,4.0,92,0
synth_red_d1200mm_xp0000_yp0000_L070.png,red,1.2,1.2,25,0.0,0.0,0.05,25.0,320.0,240.0,0.7,4.0,92,0
synth_red_d1200mm_xp0000_yp0000_L130.png,red,1.2,1.2,25,0.0,0.0,0.05,25.0,320.0,240.0,1.3,4.0,92,0
synth_red_d1200mm_xp0000_yp0040_L100.png,red,1.2,1.2,25,0.0,0.04,0.05,25.0,320.0,260.0,1.0,4.0,92,0
synth_red_d1200mm_xp0000_yp0040_L070.png,red,1.2,1.2,25,0.0,0.04,0.05,25.0,320.0,260.0,0.7,4.0,92,0
synth_red_d1200mm_xp0000_yp0040_L130.png,red,1.2,1.2,25,0.0,0.04,0.05,25.0,320.0,260.0,1.3,4.0,92,0
synth_red_d1200mm_xp0000_ym0040_L100.png,red,1.2,1.2,25,0.0,-0.04,0.05,25.0,320.0,220.0,1.0,4.0,92,0
synth_red_d1200mm_xp0000_ym0040_L070.png,red,1.2,1.2,25,0.0,-0.04,0.05,25.0,320.0,220.0,0.7,4.0,92,0
synth_red_d1200mm_xp0000_ym0040_L130.png,red,1.2,1.2,25,0.0,-0.04,0.05,25.0,320.0,220.0,1.3,4.0,92,0
synth_red_d1200mm_xp0040_yp0000_L100.png,red,1.2,1.2,25,0.04,0.0,0.05,25.0,340.0,240.0,1.0,4.0,92,0
synth_red_d1200mm_xp0040_yp0000_L070.png,red,1.2,1.2,25,0.04,0.0,0.05,25.0,340.0,240.0,0.7,4.0,92,0
synth_red_d1200mm_xp0040_yp0000_L130.png,red,1.2,1.2,25,0.04,0.0,0.05,25.0,340.0,240.0,1.3,4.0,92,0
synth_red_d1200mm_xp0040_yp0040_L100.png,red,1.2,1.2,25,0.04,0.04,0.05,25.0,340.0,260.0,1.0,4.0,92,0
synth_red_d1200mm_xp0040_yp0040_L070.png,red,1.2,1.2,25,0.04,0.04,0.05,25.0,340.0,260.0,0.7,4.0,92,0
synth_red_d1200mm_xp0040_yp0040_L130.png,red,1.2,1.2,25,0.04,0.04,0.05,25.0,340.0,260.0,1.3,4.0,92,0
synth_red_d1200mm_xp0040_ym0040_L100.png,red,1.2,1.2,25,0.04,-0.04,0.05,25.0,340.0,220.0,1.0,4.0,92,0
synth_red_d1200mm_xp0040_ym0040_L070.png,red,1.2,1.2,25,0.04,-0.04,0.05,25.0,340.0,220.0,0.7,4.0,92,0
synth_red_d1200mm_xp0040_ym0040_L130.png,red,1.2,1.2,25,0.04,-0.04,0.05,25.0,340.0,220.0,1.3,4.0,92,0
synth_red_d1200mm_xm0040_yp0000_L100.png,red,1.2,1.2,25,-0.04,0.0,0.05,25.0,300.0,240.0,1.0,4.0,92,0
synth_red_d1200mm_xm0040_yp0000_L070.png,red,1.2,1.2,25,-0.04,0.0,0.05,25.0,300.0,240.0,0.7,4.0,92,0
synth_red_d1200mm_xm0040_yp0000_L130.png,red,1.2,1.2,25,-0.04,0.0,0.05,25.0,300.0,240.0,1.3,4.0,92,0
synth_red_d1200mm_xm0040_yp0040_L100.png,red,1.2,1.2,25,-0.04,0.04,0.05,25.0,300.0,260.0,1.0,4.0,92,0
synth_red_d1200mm_xm0040_yp0040_L070.png,red,1.2,1.2,25,-0.04,0.04,0.05,25.0,300.0,260.0,0.7,4.0,92,0
synth_red_d1200mm_xm0040_yp0040_L130.png,red,1.2,1.2,25,-0.04,0.04,0.05,25.0,300.0,260.0,1.3,4.0,92,0
synth_red_d1200mm_xm0040_ym0040_L100.png,red,1.2,1.2,25,-0.04,-0.04,0.05,25.0,300.0,220.0,1.0,4.0,92,0
synth_red_d1200mm_xm0040_ym0040_L070.png,red,1.2,1.2,25,-0.04,-0.04,0.05,25.0,300.0,220.0,0.7,4.0,92,0
synth_red_d1200mm_xm0040_ym0040_L130.png,red,1.2,1.2,25,-0.04,-0.04,0.05,25.0,300.0,220.0,1.3,4.0,92,0
synth_blue_d0300mm_xp0000_yp0000_L100.png,blue,0.3,0.3,100,0.0,0.0,0.05,100.0,320.0,240.0,1.0,4.0,92,0
synth_blue_d0300mm_xp0000_yp0000_L070.png,blue,0.3,0.3,100,0.0,0.0,0.05,100.0,320.0,240.0,0.7,4.0,92,0
synth_blue_d0300mm_xp0000_yp0000_L130.png,blue,0.3,0.3,100,0.0,0.0,0.05,100.0,320.0,240.0,1.3,4.0,92,0
synth_blue_d0300mm_xp0000_yp0040_L100.png,blue,0.3,0.3,100,0.0,0.04,0.05,100.0,320.0,320.0,1.0,4.0,92,0
synth_blue_d0300mm_xp0000_yp0040_L070.png,blue,0.3,0.3,100,0.0,0.04,0.05,100.0,320.0,320.0,0.7,4.0,92,0
synth_blue_d0300mm_xp0000_yp0040_L130.png,blue,0.3,0.3,100,0.0,0.04,0.05,100.0,320.0,320.0,1.3,4.0,92,0
synth_blue_d0300mm_xp0000_ym0040_L100.png,blue,0.3,0.3,100,0.0,-0.04,0.05,100.0,320.0,160.0,1.0,4.0,92,0
synth_blue_d0300mm_xp0000_ym0040_L070.png,blue,0.3,0.3,100,0.0,-0.04,0.05,100.0,320.0,160.0,0.7,4.0,92,0
synth_blue_d0300mm_xp0000_ym0040_L130.png,blue,0.3,0.3,100,0.0,-0.04,0.05,100.0,320.0,160.0,1.3,4.0,92,0
synth_blue_d0300mm_xp0040_yp0000_L100.png,blue,0.3,0.3,100,0.04,0.0,0.05,100.0,400.0,240.0,1.0,4.0,92,0
synth_blue_d0300mm_xp0040_yp0000_L070.png,blue,0.3,0.3,100,0.04,0.0,0.05,100.0,400.0,240.0,0.7,4.0,92,0
synth_blue_d0300mm_xp0040_yp0000_L130.png,blue,0.3,0.3,100,0.04,0.0,0.05,100.0,400.0,240.0,1.3,4.0,92,0
synth_blue_d0300mm_xp0040_yp0040_L100.png,blue,0.3,0.3,100,0.04,0.04,0.05,100.0,400.0,320.0,1.0,4.0,92,0
synth_blue_d0300mm_xp0040_yp0040_L070.png,blue,0.3,0.3,100,0.04,0.04,0.05,100.0,400.0,320.0,0.7,4.0,92,0
synth_blue_d0300mm_xp0040_yp0040_L130.png,blue,0.3,0.3,100,0.04,0.04,0.05,100.0,400.0,320.0,1.3,4.0,92,0
synth_blue_d0300mm_xp0040_ym0040_L100.png,blue,0.3,0.3,100,0.04,-0.04,0.05,100.0,400.0,160.0,1.0,4.0,92,0
synth_blue_d0300mm_xp0040_ym0040_L070.png,blue,0.3,0.3,100,0.04,-0.04,0.05,100.0,400.0,160.0,0.7,4.0,92,0
synth_blue_d0300mm_xp0040_ym0040_L130.png,blue,0.3,0.3,100,0.04,-0.04,0.05,100.0,400.0,160.0,1.3,4.0,92,0
synth_blue_d0300mm_xm0040_yp0000_L100.png,blue,0.3,0.3,100,-0.04,0.0,0.05,100.0,240.0,240.0,1.0,4.0,92,0
synth_blue_d0300mm_xm0040_yp0000_L070.png,blue,0.3,0.3,100,-0.04,0.0,0.05,100.0,240.0,240.0,0.7,4.0,92,0
synth_blue_d0300mm_xm0040_yp0000_L130.png,blue,0.3,0.3,100,-0.04,0.0,0.05,100.0,240.0,240.0,1.3,4.0,92,0
synth_blue_d0300mm_xm0040_yp0040_L100.png,blue,0.3,0.3,100,-0.04,0.04,0.05,100.0,240.0,320.0,1.0,4.0,92,0
synth_blue_d0300mm_xm0040_yp0040_L070.png,blue,0.3,0.3,100,-0.04,0.04,0.05,100.0,240.0,320.0,0.7,4.0,92,0
synth_blue_d0300mm_xm0040_yp0040_L130.png,blue,0.3,0.3,100,-0.04,0.04,0.05,100.0,240.0,320.0,1.3,4.0,92,0
synth_blue_d0300mm_xm0040_ym0040_L100.png,blue,0.3,0.3,100,-0.04,-0.04,0.05,100.0,240.0,160.0,1.0,4.0,92,0
synth_blue_d0300mm_xm0040_ym0040_L070.png,blue,0.3,0.3,100,-0.04,-0.04,0.05,100.0,240.0,160.0,0.7,4.0,92,0
synth_blue_d0300mm_xm0040_ym0040_L130.png,blue,0.3,0.3,100,-0.04,-0.04,0.05,100.0,240.0,160.0,1.3,4.0,92,0
synth_blue_d0500mm_xp0000_yp0000_L100.png,blue,0.5,0.5,60,0.0,0.0,0.05,60.0,320.0,240.0,1.0,4.0,92,0
synth_blue_d0500mm_xp0000_yp0000_L070.png,blue,0.5,0.5,60,0.0,0.0,0.05,60.0,320.0,240.0,0.7,4.0,92,0
synth_blue_d0500mm_xp0000_yp0000_L130.png,blue,0.5,0.5,60,0.0,0.0,0.05,60.0,320.0,240.0,1.3,4.0,92,0
synth_blue_d0500mm_xp0000_yp0040_L100.png,blue,0.5,0.5,60,0.0,0.04,0.05,60.0,320.0,288.0,1.0,4.0,92,0
synth_blue_d0500mm_xp0000_yp0040_L070.png,blue,0.5,0.5,60,0.0,0.04,0.05,60.0,320.0,288.0,0.7,4.0,92,0
synth_blue_d0500mm_xp0000_yp0040_L130.png,blue,0.5,0.5,60,0.0,0.04,0.05,60.0,320.0,288.0,1.3,4.0,92,0
synth_blue_d0500mm_xp0000_ym0040_L100.png,blue,0.5,0.5,60,0.0,-0.04,0.05,60.0,320.0,192.0,1.0,4.0,92,0
synth_blue_d0500mm_xp0000_ym0040_L070.png,blue,0.5,0.5,60,0.0,-0.04,0.05,60.0,320.0,192.0,0.7,4.0,92,0
synth_blue_d0500mm_xp0000_ym0040_L130.png,blue,0.5,0.5,60,0.0,-0.04,0.05,60.0,320.0,192.0,1.3,4.0,92,0
synth_blue_d0500mm_xp0040_yp0000_L100.png,blue,0.5,0.5,60,0.04,0.0,0.05,60.0,368.0,240.0,1.0,4.0,92,0
synth_blue_d0500mm_xp0040_yp0000_L070.png,blue,0.5,0.5,60,0.04,0.0,0.05,60.0,368.0,240.0,0.7,4.0,92,0
synth_blue_d0500mm_xp0040_yp0000_L130.png,blue,0.5,0.5,60,0.04,0.0,0.05,60.0,368.0,240.0,1.3,4.0,92,0
synth_blue_d0500mm_xp0040_yp0040_L100.png,blue,0.5,0.5,60,0.04,0.04,0.05,60.0,368.0,288.0,1.0,4.0,92,0
synth_blue_d0500mm_xp0040_yp0040_L070.png,blue,0.5,0.5,60,0.04,0.04,0.05,60.0,368.0,288.0,0.7,4.0,92,0
synth_blue_d0500mm_xp0040_yp0040_L130.png,blue,0.5,0.5,60,0.04,0.04,0.05,60.0,368.0,288.0,1.3,4.0,92,0
synth_blue_d0500mm_xp0040_ym0040_L100.png,blue,0.5,0.5,60,0.04,-0.04,0.05,60.0,368.0,192.0,1.0,4.0,92,0
synth_blue_d0500mm_xp0040_ym0040_L070.png,blue,0.5,0.5,60,0.04,-0.04,0.05,60.0,368.0,192.0,0.7,4.0,92,0
synth_blue_d0500mm_xp0040_ym0040_L130.png,blue,0.5,0.5,60,0.04,-0.04,0.05,60.0,368.0,192.0,1.3,4.0,92,0
synth_blue_d0500mm_xm0040_yp0000_L100.png,blue,0.5,0.5,60,-0.04,0.0,0.05,60.0,272.0,240.0,1.0,4.0,92,0
synth_blue_d0500mm_xm0040_yp0000_L070.png,blue,0.5,0.5,60,-0.04,0.0,0.05,60.0,272.0,240.0,0.7,4.0,92,0
synth_blue_d0500mm_xm0040_yp0000_L130.png,blue,0.5,0.5,60,-0.04,0.0,0.05,60.0,272.0,240.0,1.3,4.0,92,0
synth_blue_d0500mm_xm0040_yp0040_L100.png,blue,0.5,0.5,60,-0.04,0.04,0.05,60.0,272.0,288.0,1.0,4.0,92,0
synth_blue_d0500mm_xm0040_yp0040_L070.png,blue,0.5,0.5,60,-0.04,0.04,0.05,60.0,272.0,288.0,0.7,4.0,92,0
synth_blue_d0500mm_xm0040_yp0040_L130.png,blue,0.5,0.5,60,-0.04,0.04,0.05,60.0,272.0,288.0,1.3,4.0,92,0
synth_blue_d0500mm_xm0040_ym0040_L100.png,blue,0.5,0.5,60,-0.04,-0.04,0.05,60.0,272.0,192.0,1.0,4.0,92,0
synth_blue_d0500mm_xm0040_ym0040_L070.png,blue,0.5,0.5,60,-0.04,-0.04,0.05,60.0,272.0,192.0,0.7,4.0,92,0
synth_blue_d0500mm_xm0040_ym0040_L130.png,blue,0.5,0.5,60,-0.04,-0.04,0.05,60.0,272.0,192.0,1.3,4.0,92,0
synth_blue_d0800mm_xp0000_yp0000_L100.png,blue,0.8,0.789474,38,0.0,0.0,0.05,37.5,320.0,240.0,1.0,4.0,92,0
synth_blue_d0800mm_xp0000_yp0000_L070.png,blue,0.8,0.789474,38,0.0,0.0,0.05,37.5,320.0,240.0,0.7,4.0,92,0
synth_blue_d0800mm_xp0000_yp0000_L130.png,blue,0.8,0.789474,38,0.0,0.0,0.05,37.5,320.0,240.0,1.3,4.0,92,0
synth_blue_d0800mm_xp0000_yp0040_L100.png,blue,0.8,0.789474,38,0.0,0.04,0.05,37.5,320.0,270.0,1.0,4.0,92,0
synth_blue_d0800mm_xp0000_yp0040_L070.png,blue,0.8,0.789474,38,0.0,0.04,0.05,37.5,320.0,270.0,0.7,4.0,92,0
synth_blue_d0800mm_xp0000_yp0040_L130.png,blue,0.8,0.789474,38,0.0,0.04,0.05,37.5,320.0,270.0,1.3,4.0,92,0
synth_blue_d0800mm_xp0000_ym0040_L100.png,blue,0.8,0.789474,38,0.0,-0.04,0.05,37.5,320.0,210.0,1.0,4.0,92,0
synth_blue_d0800mm_xp0000_ym0040_L070.png,blue,0.8,0.789474,38,0.0,-0.04,0.05,37.5,320.0,210.0,0.7,4.0,92,0
synth_blue_d0800mm_xp0000_ym0040_L130.png,blue,0.8,0.789474,38,0.0,-0.04,0.05,37.5,320.0,210.0,1.3,4.0,92,0
synth_blue_d0800mm_xp0040_yp0000_L100.png,blue,0.8,0.789474,38,0.04,0.0,0.05,37.5,350.0,240.0,1.0,4.0,92,0
synth_blue_d0800mm_xp0040_yp0000_L070.png,blue,0.8,0.789474,38,0.04,0.0,0.05,37.5,350.0,240.0,0.7,4.0,92,0
synth_blue_d0800mm_xp0040_yp0000_L130.png,blue,0.8,0.789474,38,0.04,0.0,0.05,37.5,350.0,240.0,1.3,4.0,92,0
synth_blue_d0800mm_xp0040_yp0040_L100.png,blue,0.8,0.789474,38,0.04,0.04,0.05,37.5,350.0,270.0,1.0,4.0,92,0
synth_blue_d0800mm_xp0040_yp0040_L070.png,blue,0.8,0.789474,38,0.04,0.04,0.05,37.5,350.0,270.0,0.7,4.0,92,0
synth_blue_d0800mm_xp0040_yp0040_L130.png,blue,0.8,0.789474,38,0.04,0.04,0.05,37.5,350.0,270.0,1.3,4.0,92,0
synth_blue_d0800mm_xp0040_ym0040_L100.png,blue,0.8,0.789474,38,0.04,-0.04,0.05,37.5,350.0,210.0,1.0,4.0,92,0
synth_blue_d0800mm_xp0040_ym0040_L070.png,blue,0.8,0.789474,38,0.04,-0.04,0.05,37.5,350.0,210.0,0.7,4.0,92,0
synth_blue_d0800mm_xp0040_ym0040_L130.png,blue,0.8,0.789474,38,0.04,-0.04,0.05,37.5,350.0,210.0,1.3,4.0,92,0
synth_blue_d0800mm_xm0040_yp0000_L100.png,blue,0.8,0.789474,38,-0.04,0.0,0.05,37.5,290.0,240.0,1.0,4.0,92,0
synth_blue_d0800mm_xm0040_yp0000_L070.png,blue,0.8,0.789474,38,-0.04,0.0,0.05,37.5,290.0,240.0,0.7,4.0,92,0
synth_blue_d0800mm_xm0040_yp0000_L130.png,blue,0.8,0.789474,38,-0.04,0.0,0.05,37.5,290.0,240.0,1.3,4.0,92,0
synth_blue_d0800mm_xm0040_yp0040_L100.png,blue,0.8,0.789474,38,-0.04,0.04,0.05,37.5,290.0,270.0,1.0,4.0,92,0
synth_blue_d0800mm_xm0040_yp0040_L070.png,blue,0.8,0.789474,38,-0.04,0.04,0.05,37.5,290.0,270.0,0.7,4.0,92,0
synth_blue_d0800mm_xm0040_yp0040_L130.png,blue,0.8,0.789474,38,-0.04,0.04,0.05,37.5,290.0,270.0,1.3,4.0,92,0
synth_blue_d0800mm_xm0040_ym0040_L100.png,blue,0.8,0.789474,38,-0.04,-0.04,0.05,37.5,290.0,210.0,1.0,4.0,92,0
synth_blue_d0800mm_xm0040_ym0040_L070.png,blue,0.8,0.789474,38,-0.04,-0.04,0.05,37.5,290.0,210.0,0.7,4.0,92,0
synth_blue_d0800mm_xm0040_ym0040_L130.png,blue,0.8,0.789474,38,-0.04,-0.04,0.05,37.5,290.0,210.0,1.3,4.0,92,0
synth_blue_d1200mm_xp0000_yp0000_L100.png,blue,1.2,1.2,25,0.0,0.0,0.05,25.0,320.0,240.0,1.0,4.0,92,0
synth_blue_d1200mm_xp0000_yp0000_L070.png,blue,1.2,1.2,25,0.0,0.0,0.05,25.0,320.0,240.0,0.7,4.0,92,0
synth_blue_d1200mm_xp0000_yp0000_L130.png,blue,1.2,1.2,25,0.0,0.0,0.05,25.0,320.0,240.0,1.3,4.0,92,0
synth_blue_d1200mm_xp0000_yp0040_L100.png,blue,1.2,1.2,25,0.0,0.04,0.05,25.0,320.0,260.0,1.0,4.0,92,0
synth_blue_d1200mm_xp0000_yp0040_L070.png,blue,1.2,1.2,25,0.0,0.04,0.05,25.0,320.0,260.0,0.7,4.0,92,0
synth_blue_d1200mm_xp0000_yp0040_L130.png,blue,1.2,1.2,25,0.0,0.04,0.05,25.0,320.0,260.0,1.3,4.0,92,0
synth_blue_d1200mm_xp0000_ym0040_L100.png,blue,1.2,1.2,25,0.0,-0.04,0.05,25.0,320.0,220.0,1.0,4.0,92,0
synth_blue_d1200mm_xp0000_ym0040_L070.png,blue,1.2,1.2,25,0.0,-0.04,0.05,25.0,320.0,220.0,0.7,4.0,92,0
synth_blue_d1200mm_xp0000_ym0040_L130.png,blue,1.2,1.2,25,0.0,-0.04,0.05,25.0,320.0,220.0,1.3,4.0,92,0
synth_blue_d1200mm_xp0040_yp0000_L100.png,blue,1.2,1.2,25,0.04,0.0,0.05,25.0,340.0,240.0,1.0,4.0,92,0
synth_blue_d1200mm_xp0040_yp0000_L070.png,blue,1.2,1.2,25,0.04,0.0,0.05,25.0,340.0,240.0,0.7,4.0,92,0
synth_blue_d1200mm_xp0040_yp0000_L130.png,blue,1.2,1.2,25,0.04,0.0,0.05,25.0,340.0,240.0,1.3,4.0,92,0
synth_blue_d1200mm_xp0040_yp0040_L100.png,blue,1.2,1.2,25,0.04,0.04,0.05,25.0,340.0,260.0,1.0,4.0,92,0
synth_blue_d1200mm_xp0040_yp0040_L070.png,blue,1.2,1.2,25,0.04,0.04,0.05,25.0,340.0,260.0,0.7,4.0,92,0
synth_blue_d1200mm_xp0040_yp0040_L130.png,blue,1.2,1.2,25,0.04,0.04,0.05,25.0,340.0,260.0,1.3,4.0,92,0
synth_blue_d1200mm_xp0040_ym0040_L100.png,blue,1.2,1.2,25,0.04,-0.04,0.05,25.0,340.0,220.0,1.0,4.0,92,0
synth_blue_d1200mm_xp0040_ym0040_L070.png,blue,1.2,1.2,25,0.04,-0.04,0.05,25.0,340.0,220.0,0.7,4.0,92,0
synth_blue_d1200mm_xp0040_ym0040_L130.png,blue,1.2,1.2,25,0.04,-0.04,0.05,25.0,340.0,220.0,1.3,4.0,92,0
synth_blue_d1200mm_xm0040_yp0000_L100.png,blue,1.2,1.2,25,-0.04,0.0,0.05,25.0,300.0,240.0,1.0,4.0,92,0
synth_blue_d1200mm_xm0040_yp0000_L070.png,blue,1.2,1.2,25,-0.04,0.0,0.05,25.0,300.0,240.0,0.7,4.0,92,0
synth_blue_d1200mm_xm0040_yp0000_L130.png,blue,1.2,1.2,25,-0.04,0.0,0.05,25.0,300.0,240.0,1.3,4.0,92,0
synth_blue_d1200mm_xm0040_yp0040_L100.png,blue,1.2,1.2,25,-0.04,0.04,0.05,25.0,300.0,260.0,1.0,4.0,92,0
synth_blue_d1200mm_xm0040_yp0040_L070.png,blue,1.2,1.2,25,-0.04,0.04,0.05,25.0,300.0,260.0,0.7,4.0,92,0
synth_blue_d1200mm_xm0040_yp0040_L130.png,blue,1.2,1.2,25,-0.04,0.04,0.05,25.0,300.0,260.0,1.3,4.0,92,0
synth_blue_d1200mm_xm0040_ym0040_L100.png,blue,1.2,1.2,25,-0.04,-0.04,0.05,25.0,300.0,220.0,1.0,4.0,92,0
synth_blue_d1200mm_xm0040_ym0040_L070.png,blue,1.2,1.2,25,-0.04,-0.04,0.05,25.0,300.0,220.0,0.7,4.0,92,0
synth_blue_d1200mm_xm0040_ym0040_L130.png,blue,1.2,1.2,25,-0.04,-0.04,0.05,25.0,300.0,220.0,1.3,4.0,92,0
synth_red_blue_d0300mm_xp0000_yp0000_L100.png,red_blue,0.3,0.3,100,0.0,0.0,0.05,100.0,320.0,240.0,1.0,4.0,92,0
synth_red_blue_d0300mm_xp0000_yp0000_L070.png,red_blue,0.3,0.3,100,0.0,0.0,0.05,100.0,320.0,240.0,0.7,4.0,92,0
synth_red_blue_d0300mm_xp0000_yp0000_L130.png,red_blue,0.3,0.3,100,0.0,0.0,0.05,100.0,320.0,240.0,1.3,4.0,92,0
synth_red_blue_d0300mm_xp0000_yp0040_L100.png,red_blue,0.3,0.3,100,0.0,0.04,0.05,100.0,320.0,320.0,1.0,4.0,92,0
synth_red_blue_d0300mm_xp0000_yp0040_L070.png,red_blue,0.3,0.3,100,0.0,0.04,0.05,100.0,320.0,320.0,0.7,4.0,92,0
synth_red_blue_d0300mm_xp0000_yp0040_L130.png,red_blue,0.3,0.3,100,0.0,0.04,0.05,100.0,320.0,320.0,1.3,4.0,92,0
synth_red_blue_d0300mm_xp0000_ym0040_L100.png,red_blue,0.3,0.3,100,0.0,-0.04,0.05,100.0,320.0,160.0,1.0,4.0,92,0
synth_red_blue_d0300mm_xp0000_ym0040_L070.png,red_blue,0.3,0.3,100,0.0,-0.04,0.05,100.0,320.0,160.0,0.7,4.0,92,0
synth_red_blue_d0300mm_xp0000_ym0040_L130.png,red_blue,0.3,0.3,100,0.0,-0.04,0.05,100.0,320.0,160.0,1.3,4.0,92,0
synth_red_blue_d0300mm_xp0040_yp0000_L100.png,red_blue,0.3,0.3,100,0.04,0.0,0.05,100.0,400.0,240.0,1.0,4.0,92,0
synth_red_blue_d0300mm_xp0040_yp0000_L070.png,red_blue,0.3,0.3,100,0.04,0.0,0.05,100.0,400.0,240.0,0.7,4.0,92,0
synth_red_blue_d0300mm_xp0040_yp0000_L130.png,red_blue,0.3,0.3,100,0.04,0.0,0.05,100.0,400.0,240.0,1.3,4.0,92,0
synth_red_blue_d0300mm_xp0040_yp0040_L100.png,red_blue,0.3,0.3,100,0.04,0.04,0.05,100.0,400.0,320.0,1.0,4.0,92,0
synth_red_blue_d0300mm_xp0040_yp0040_L070.png,red_blue,0.3,0.3,100,0.04,0.04,0.05,100.0,400.0,320.0,0.7,4.0,92,0
synth_red_blue_d0300mm_xp0040_yp0040_L130.png,red_blue,0.3,0.3,100,0.04,0.04,0.05,100.0,400.0,320.0,1.3,4.0,92,0
synth_red_blue_d0300mm_xp0040_ym0040_L100.png,red_blue,0.3,0.3,100,0.04,-0.04,0.05,100.0,400.0,160.0,1.0,4.0,92,0
synth_red_blue_d0300mm_xp0040_ym0040_L070.png,red_blue,0.3,0.3,100,0.04,-0.04,0.05,100.0,400.0,160.0,0.7,4.0,92,0
synth_red_blue_d0300mm_xp0040_ym0040_L130.png,red_blue,0.3,0.3,100,0.04,-0.04,0.05,100.0,400.0,160.0,1.3,4.0,92,0
synth_red_blue_d0300mm_xm0040_yp0000_L100_flip.png,red_blue,0.3,0.3,100,-0.04,0.0,0.05,100.0,240.0,240.0,1.0,4.0,92,1
synth_red_blue_d0300mm_xm0040_yp0000_L070.png,red_blue,0.3,0.3,100,-0.04,0.0,0.05,100.0,240.0,240.0,0.7,4.0,92,0
synth_red_blue_d0300mm_xm0040_yp0000_L130.png,red_blue,0.3,0.3,100,-0.04,0.0,0.05,100.0,240.0,240.0,1.3,4.0,92,0
synth_red_blue_d0300mm_xm0040_yp0040_L100_flip.png,red_blue,0.3,0.3,100,-0.04,0.04,0.05,100.0,240.0,320.0,1.0,4.0,92,1
synth_red_blue_d0300mm_xm0040_yp0040_L070.png,red_blue,0.3,0.3,100,-0.04,0.04,0.05,100.0,240.0,320.0,0.7,4.0,92,0
synth_red_blue_d0300mm_xm0040_yp0040_L130.png,red_blue,0.3,0.3,100,-0.04,0.04,0.05,100.0,240.0,320.0,1.3,4.0,92,0
synth_red_blue_d0300mm_xm0040_ym0040_L100_flip.png,red_blue,0.3,0.3,100,-0.04,-0.04,0.05,100.0,240.0,160.0,1.0,4.0,92,1
synth_red_blue_d0300mm_xm0040_ym0040_L070.png,red_blue,0.3,0.3,100,-0.04,-0.04,0.05,100.0,240.0,160.0,0.7,4.0,92,0
synth_red_blue_d0300mm_xm0040_ym0040_L130.png,red_blue,0.3,0.3,100,-0.04,-0.04,0.05,100.0,240.0,160.0,1.3,4.0,92,0
synth_red_blue_d0500mm_xp0000_yp0000_L100.png,red_blue,0.5,0.5,60,0.0,0.0,0.05,60.0,320.0,240.0,1.0,4.0,92,0
synth_red_blue_d0500mm_xp0000_yp0000_L070.png,red_blue,0.5,0.5,60,0.0,0.0,0.05,60.0,320.0,240.0,0.7,4.0,92,0
synth_red_blue_d0500mm_xp0000_yp0000_L130.png,red_blue,0.5,0.5,60,0.0,0.0,0.05,60.0,320.0,240.0,1.3,4.0,92,0
synth_red_blue_d0500mm_xp0000_yp0040_L100.png,red_blue,0.5,0.5,60,0.0,0.04,0.05,60.0,320.0,288.0,1.0,4.0,92,0
synth_red_blue_d0500mm_xp0000_yp0040_L070.png,red_blue,0.5,0.5,60,0.0,0.04,0.05,60.0,320.0,288.0,0.7,4.0,92,0
synth_red_blue_d0500mm_xp0000_yp0040_L130.png,red_blue,0.5,0.5,60,0.0,0.04,0.05,60.0,320.0,288.0,1.3,4.0,92,0
synth_red_blue_d0500mm_xp0000_ym0040_L100.png,red_blue,0.5,0.5,60,0.0,-0.04,0.05,60.0,320.0,192.0,1.0,4.0,92,0
synth_red_blue_d0500mm_xp0000_ym0040_L070.png,red_blue,0.5,0.5,60,0.0,-0.04,0.05,60.0,320.0,192.0,0.7,4.0,92,0
synth_red_blue_d0500mm_xp0000_ym0040_L130.png,red_blue,0.5,0.5,60,0.0,-0.04,0.05,60.0,320.0,192.0,1.3,4.0,92,0
synth_red_blue_d0500mm_xp0040_yp0000_L100.png,red_blue,0.5,0.5,60,0.04,0.0,0.05,60.0,368.0,240.0,1.0,4.0,92,0
synth_red_blue_d0500mm_xp0040_yp0000_L070.png,red_blue,0.5,0.5,60,0.04,0.0,0.05,60.0,368.0,240.0,0.7,4.0,92,0
synth_red_blue_d0500mm_xp0040_yp0000_L130.png,red_blue,0.5,0.5,60,0.04,0.0,0.05,60.0,368.0,240.0,1.3,4.0,92,0
synth_red_blue_d0500mm_xp0040_yp0040_L100.png,red_blue,0.5,0.5,60,0.04,0.04,0.05,60.0,368.0,288.0,1.0,4.0,92,0
synth_red_blue_d0500mm_xp0040_yp0040_L070.png,red_blue,0.5,0.5,60,0.04,0.04,0.05,60.0,368.0,288.0,0.7,4.0,92,0
synth_red_blue_d0500mm_xp0040_yp0040_L130.png,red_blue,0.5,0.5,60,0.04,0.04,0.05,60.0,368.0,288.0,1.3,4.0,92,0
synth_red_blue_d0500mm_xp0040_ym0040_L100.png,red_blue,0.5,0.5,60,0.04,-0.04,0.05,60.0,368.0,192.0,1.0,4.0,92,0
synth_red_blue_d0500mm_xp0040_ym0040_L070.png,red_blue,0.5,0.5,60,0.04,-0.04,0.05,60.0,368.0,192.0,0.7,4.0,92,0
synth_red_blue_d0500mm_xp0040_ym0040_L130.png,red_blue,0.5,0.5,60,0.04,-0.04,0.05,60.0,368.0,192.0,1.3,4.0,92,0
synth_red_blue_d0500mm_xm0040_yp0000_L100_flip.png,red_blue,0.5,0.5,60,-0.04,0.0,0.05,60.0,272.0,240.0,1.0,4.0,92,1
synth_red_blue_d0500mm_xm0040_yp0000_L070.png,red_blue,0.5,0.5,60,-0.04,0.0,0.05,60.0,272.0,240.0,0.7,4.0,92,0
synth_red_blue_d0500mm_xm0040_yp0000_L130.png,red_blue,0.5,0.5,60,-0.04,0.0,0.05,60.0,272.0,240.0,1.3,4.0,92,0
synth_red_blue_d0500mm_xm0040_yp0040_L100_flip.png,red_blue,0.5,0.5,60,-0.04,0.04,0.05,60.0,272.0,288.0,1.0,4.0,92,1
synth_red_blue_d0500mm_xm0040_yp0040_L070.png,red_blue,0.5,0.5,60,-0.04,0.04,0.05,60.0,272.0,288.0,0.7,4.0,92,0
synth_red_blue_d0500mm_xm0040_yp0040_L130.png,red_blue,0.5,0.5,60,-0.04,0.04,0.05,60.0,272.0,288.0,1.3,4.0,92,0
synth_red_blue_d0500mm_xm0040_ym0040_L100_flip.png,red_blue,0.5,0.5,60,-0.04,-0.04,0.05,60.0,272.0,192.0,1.0,4.0,92,1
synth_red_blue_d0500mm_xm0040_ym0040_L070.png,red_blue,0.5,0.5,60,-0.04,-0.04,0.05,60.0,272.0,192.0,0.7,4.0,92,0
synth_red_blue_d0500mm_xm0040_ym0040_L130.png,red_blue,0.5,0.5,60,-0.04,-0.04,0.05,60.0,272.0,192.0,1.3,4.0,92,0
synth_red_blue_d0800mm_xp0000_yp0000_L100.png,red_blue,0.8,0.789474,38,0.0,0.0,0.05,37.5,320.0,240.0,1.0,4.0,92,0
synth_red_blue_d0800mm_xp0000_yp0000_L070.png,red_blue,0.8,0.789474,38,0.0,0.0,0.05,37.5,320.0,240.0,0.7,4.0,92,0
synth_red_blue_d0800mm_xp0000_yp0000_L130.png,red_blue,0.8,0.789474,38,0.0,0.0,0.05,37.5,320.0,240.0,1.3,4.0,92,0
synth_red_blue_d0800mm_xp0000_yp0040_L100.png,red_blue,0.8,0.789474,38,0.0,0.04,0.05,37.5,320.0,270.0,1.0,4.0,92,0
synth_red_blue_d0800mm_xp0000_yp0040_L070.png,red_blue,0.8,0.789474,38,0.0,0.04,0.05,37.5,320.0,270.0,0.7,4.0,92,0
synth_red_blue_d0800mm_xp0000_yp0040_L130.png,red_blue,0.8,0.789474,38,0.0,0.04,0.05,37.5,320.0,270.0,1.3,4.0,92,0
synth_red_blue_d0800mm_xp0000_ym0040_L100.png,red_blue,0.8,0.789474,38,0.0,-0.04,0.05,37.5,320.0,210.0,1.0,4.0,92,0
synth_red_blue_d0800mm_xp0000_ym0040_L070.png,red_blue,0.8,0.789474,38,0.0,-0.04,0.05,37.5,320.0,210.0,0.7,4.0,92,0
synth_red_blue_d0800mm_xp0000_ym0040_L130.png,red_blue,0.8,0.789474,38,0.0,-0.04,0.05,37.5,320.0,210.0,1.3,4.0,92,0
synth_red_blue_d0800mm_xp0040_yp0000_L100.png,red_blue,0.8,0.789474,38,0.04,0.0,0.05,37.5,350.0,240.0,1.0,4.0,92,0
synth_red_blue_d0800mm_xp0040_yp0000_L070.png,red_blue,0.8,0.789474,38,0.04,0.0,0.05,37.5,350.0,240.0,0.7,4.0,92,0
synth_red_blue_d0800mm_xp0040_yp0000_L130.png,red_blue,0.8,0.789474,38,0.04,0.0,0.05,37.5,350.0,240.0,1.3,4.0,92,0
synth_red_blue_d0800mm_xp0040_yp0040_L100.png,red_blue,0.8,0.789474,38,0.04,0.04,0.05,37.5,350.0,270.0,1.0,4.0,92,0
synth_red_blue_d0800mm_xp0040_yp0040_L070.png,red_blue,0.8,0.789474,38,0.04,0.04,0.05,37.5,350.0,270.0,0.7,4.0,92,0
synth_red_blue_d0800mm_xp0040_yp0040_L130.png,red_blue,0.8,0.789474,38,0.04,0.04,0.05,37.5,350.0,270.0,1.3,4.0,92,0
synth_red_blue_d0800mm_xp0040_ym0040_L100.png,red_blue,0.8,0.789474,38,0.04,-0.04,0.05,37.5,350.0,210.0,1.0,4.0,92,0
synth_red_blue_d0800mm_xp0040_ym0040_L070.png,red_blue,0.8,0.789474,38,0.04,-0.04,0.05,37.5,350.0,210.0,0.7,4.0,92,0
synth_red_blue_d0800mm_xp0040_ym0040_L130.png,red_blue,0.8,0.789474,38,0.04,-0.04,0.05,37.5,350.0,210.0,1.3,4.0,92,0
synth_red_blue_d0800mm_xm0040_yp0000_L100_flip.png,red_blue,0.8,0.789474,38,-0.04,0.0,0.05,37.5,290.0,240.0,1.0,4.0,92,1
synth_red_blue_d0800mm_xm0040_yp0000_L070.png,red_blue,0.8,0.789474,38,-0.04,0.0,0.05,37.5,290.0,240.0,0.7,4.0,92,0
synth_red_blue_d0800mm_xm0040_yp0000_L130.png,red_blue,0.8,0.789474,38,-0.04,0.0,0.05,37.5,290.0,240.0,1.3,4.0,92,0
synth_red_blue_d0800mm_xm0040_yp0040_L100_flip.png,red_blue,0.8,0.789474,38,-0.04,0.04,0.05,37.5,290.0,270.0,1.0,4.0,92,1
synth_red_blue_d0800mm_xm0040_yp0040_L070.png,red_blue,0.8,0.789474,38,-0.04,0.04,0.05,37.5,290.0,270.0,0.7,4.0,92,0
synth_red_blue_d0800mm_xm0040_yp0040_L130.png,red_blue,0.8,0.789474,38,-0.04,0.04,0.05,37.5,290.0,270.0,1.3,4.0,92,0
synth_red_blue_d0800mm_xm0040_ym0040_L100_flip.png,red_blue,0.8,0.789474,38,-0.04,-0.04,0.05,37.5,290.0,210.0,1.0,4.0,92,1
synth_red_blue_d0800mm_xm0040_ym0040_L070.png,red_blue,0.8,0.789474,38,-0.04,-0.04,0.05,37.5,290.0,210.0,0.7,4.0,92,0
synth_red_blue_d0800mm_xm0040_ym0040_L130.png,red_blue,0.8,0.789474,38,-0.04,-0.04,0.05,37.5,290.0,210.0,1.3,4.0,92,0
synth_red_blue_d1200mm_xp0000_yp0000_L100.png,red_blue,1.2,1.2,25,0.0,0.0,0.05,25.0,320.0,240.0,1.0,4.0,92,0
synth_red_blue_d1200mm_xp0000_yp0000_L070.png,red_blue,1.2,1.2,25,0.0,0.0,0.05,25.0,320.0,240.0,0.7,4.0,92,0
synth_red_blue_d1200mm_xp0000_yp0000_L130.png,red_blue,1.2,1.2,25,0.0,0.0,0.05,25.0,320.0,240.0,1.3,4.0,92,0
synth_red_blue_d1200mm_xp0000_yp0040_L100.png,red_blue,1.2,1.2,25,0.0,0.04,0.05,25.0,320.0,260.0,1.0,4.0,92,0
synth_red_blue_d1200mm_xp0000_yp0040_L070.png,red_blue,1.2,1.2,25,0.0,0.04,0.05,25.0,320.0,260.0,0.7,4.0,92,0
synth_red_blue_d1200mm_xp0000_yp0040_L130.png,red_blue,1.2,1.2,25,0.0,0.04,0.05,25.0,320.0,260.0,1.3,4.0,92,0
synth_red_blue_d1200mm_xp0000_ym0040_L100.png,red_blue,1.2,1.2,25,0.0,-0.04,0.05,25.0,320.0,220.0,1.0,4.0,92,0
synth_red_blue_d1200mm_xp0000_ym0040_L070.png,red_blue,1.2,1.2,25,0.0,-0.04,0.05,25.0,320.0,220.0,0.7,4.0,92,0
synth_red_blue_d1200mm_xp0000_ym0040_L130.png,red_blue,1.2,1.2,25,0.0,-0.04,0.05,25.0,320.0,220.0,1.3,4.0,92,0
synth_red_blue_d1200mm_xp0040_yp0000_L100.png,red_blue,1.2,1.2,25,0.04,0.0,0.05,25.0,340.0,240.0,1.0,4.0,92,0
synth_red_blue_d1200mm_xp0040_yp0000_L070.png,red_blue,1.2,1.2,25,0.04,0.0,0.05,25.0,340.0,240.0,0.7,4.0,92,0
synth_red_blue_d1200mm_xp0040_yp0000_L130.png,red_blue,1.2,1.2,25,0.04,0.0,0.05,25.0,340.0,240.0,1.3,4.0,92,0
synth_red_blue_d1200mm_xp0040_yp0040_L100.png,red_blue,1.2,1.2,25,0.04,0.04,0.05,25.0,340.0,260.0,1.0,4.0,92,0
synth_red_blue_d1200mm_xp0040_yp0040_L070.png,red_blue,1.2,1.2,25,0.04,0.04,0.05,25.0,340.0,260.0,0.7,4.0,92,0
synth_red_blue_d1200mm_xp0040_yp0040_L130.png,red_blue,1.2,1.2,25,0.04,0.04,0.05,25.0,340.0,260.0,1.3,4.0,92,0
synth_red_blue_d1200mm_xp0040_ym0040_L100.png,red_blue,1.2,1.2,25,0.04,-0.04,0.05,25.0,340.0,220.0,1.0,4.0,92,0
synth_red_blue_d1200mm_xp0040_ym0040_L070.png,red_blue,1.2,1.2,25,0.04,-0.04,0.05,25.0,340.0,220.0,0.7,4.0,92,0
synth_red_blue_d1200mm_xp0040_ym0040_L130.png,red_blue,1.2,1.2,25,0.04,-0.04,0.05,25.0,340.0,220.0,1.3,4.0,92,0
synth_red_blue_d1200mm_xm0040_yp0000_L100_flip.png,red_blue,1.2,1.2,25,-0.04,0.0,0.05,25.0,300.0,240.0,1.0,4.0,92,1
synth_red_blue_d1200mm_xm0040_yp0000_L070.png,red_blue,1.2,1.2,25,-0.04,0.0,0.05,25.0,300.0,240.0,0.7,4.0,92,0
synth_red_blue_d1200mm_xm0040_yp0000_L130.png,red_blue,1.2,1.2,25,-0.04,0.0,0.05,25.0,300.0,240.0,1.3,4.0,92,0
synth_red_blue_d1200mm_xm0040_yp0040_L100_flip.png,red_blue,1.2,1.2,25,-0.04,0.04,0.05,25.0,300.0,260.0,1.0,4.0,92,1
synth_red_blue_d1200mm_xm0040_yp0040_L070.png,red_blue,1.2,1.2,25,-0.04,0.04,0.05,25.0,300.0,260.0,0.7,4.0,92,0
synth_red_blue_d1200mm_xm0040_yp0040_L130.png,red_blue,1.2,1.2,25,-0.04,0.04,0.05,25.0,300.0,260.0,1.3,4.0,92,0
synth_red_blue_d1200mm_xm0040_ym0040_L100_flip.png,red_blue,1.2,1.2,25,-0.04,-0.04,0.05,25.0,300.0,220.0,1.0,4.0,92,1
synth_red_blue_d1200mm_xm0040_ym0040_L070.png,red_blue,1.2,1.2,25,-0.04,-0.04,0.05,25.0,300.0,220.0,0.7,4.0,92,0
synth_red_blue_d1200mm_xm0040_ym0040_L130.png,red_blue,1.2,1.2,25,-0.04,-0.04,0.05,25.0,300.0,220.0,1.3,4.0,92,0
